{
  ".": [
    0.20893557369709015,
    0.4141819477081299,
    0.24831169843673706,
    5.1714050641749054e-05,
    0.0002535572275519371,
    6.75447954563424e-05
  ],
  "~": [
    0.08938083797693253,
    0.19807516038417816,
    0.2931274473667145,
    0.0012820478295907378,
    0.0019828942604362965,
    0.0029789572581648827
  ],
  "portal_2": [
    0.5005656480789185,
    0.3324381709098816,
    0.7164536118507385,
    0.057166554033756256,
    0.051862683147192,
    0.07954887300729752
  ],
  "portal_4": [
    0.6880906820297241,
    0.3569892644882202,
    0.4126160740852356,
    0.0777362510561943,
    0.04826100543141365,
    0.05113379657268524
  ],
  "H": [
    0.6331451535224915,
    0.7259315848350525,
    0.6509910821914673,
    0.15728317201137543,
    0.08869586884975433,
    0.14249277114868164
  ],
  "portal_1": [
    0.30990511178970337,
    0.3593815267086029,
    0.716235339641571,
    0.053705472499132156,
    0.05132647231221199,
    0.07929462194442749
  ],
  "portal_3": [
    0.6971156001091003,
    0.3583191931247711,
    0.6695148348808289,
    0.07426223903894424,
    0.04985898360610008,
    0.068313829600811
  ],
  "portal_0": [
    0.3872694969177246,
    0.6185796856880188,
    0.7249764204025269,
    0.048210784792900085,
    0.05639771372079849,
    0.08187735080718994
  ],
  "portal_5": [
    0.7064860463142395,
    0.5065200328826904,
    0.34625715017318726,
    0.07907664030790329,
    0.0474148690700531,
    0.04911668598651886
  ],
  "C": [
    0.35026928782463074,
    0.33240923285484314,
    0.24395497143268585,
    0.051599256694316864,
    0.03244471549987793,
    0.021306123584508896
  ],
  "G": [
    0.8023959398269653,
    0.755293071269989,
    0.3521139621734619,
    0.05818262696266174,
    0.03341478854417801,
    0.016076795756816864
  ],
  "S": [
    0.29719480872154236,
    0.44767534732818604,
    0.30387425422668457,
    0.06437483429908752,
    0.05680064484477043,
    0.053310129791498184
  ],
  "portal_6": [
    0.7469812035560608,
    0.7658746242523193,
    0.39097505807876587,
    0.08485870063304901,
    0.06698824465274811,
    0.04426208883523941
  ],
  "portal_7": [
    0.5396201610565186,
    0.7576413750648499,
    0.3835146427154541,
    0.05823381990194321,
    0.06755216419696808,
    0.04621606320142746
  ],
  "portal_8": [
    0.444489449262619,
    0.757527768611908,
    0.4499168395996094,
    0.046031855046749115,
    0.06579190492630005,
    0.04978759586811066
  ],
  "portal_9": [
    0.44677162170410156,
    0.7613868713378906,
    0.6863559484481812,
    0.044735271483659744,
    0.06488218903541565,
    0.0712636411190033
  ],
  "_scale": [
    0.08876502513885498,
    0.11359862238168716,
    0.061647530645132065,
    0.01450352557003498,
    0.01050946768373251,
    0.013341568410396576
  ]
}