{
  "~": [
    0.08860619366168976,
    0.19729207456111908,
    0.2923961877822876,
    0.00120644667185843,
    0.0019018525490537286,
    0.0028419119771569967
  ],
  ".": [
    0.20896561443805695,
    0.4142526686191559,
    0.2483433485031128,
    5.3087987907929346e-05,
    0.00026029368746094406,
    6.933921395102516e-05
  ],
  "H": [
    0.6387404799461365,
    0.7303403615951538,
    0.6563588380813599,
    0.1567678153514862,
    0.08812367916107178,
    0.14196953177452087
  ],
  "C": [
    0.35006117820739746,
    0.332956463098526,
    0.2441857010126114,
    0.05164433270692825,
    0.03246387094259262,
    0.021376457065343857
  ],
  "portal_0": [
    0.38619205355644226,
    0.6170498132705688,
    0.7223864793777466,
    0.04774922877550125,
    0.05642758309841156,
    0.0824318379163742
  ],
  "portal_1": [
    0.3098772466182709,
    0.36031320691108704,
    0.7136784195899963,
    0.05277783423662186,
    0.05051000043749809,
    0.080168217420578
  ],
  "portal_2": [
    0.4984748065471649,
    0.3325948119163513,
    0.7131677269935608,
    0.05708504095673561,
    0.05079079419374466,
    0.0804414302110672
  ],
  "portal_4": [
    0.682889997959137,
    0.3583773970603943,
    0.411225825548172,
    0.0793578177690506,
    0.04642285779118538,
    0.04981861263513565
  ],
  "portal_3": [
    0.6925587058067322,
    0.36043262481689453,
    0.6657788753509521,
    0.07639510184526443,
    0.05044559761881828,
    0.07015740126371384
  ],
  "portal_5": [
    0.6999104022979736,
    0.5031136870384216,
    0.3437403440475464,
    0.0814690887928009,
    0.04784397408366203,
    0.048671022057533264
  ],
  "_scale": [
    0.07862741500139236,
    0.10923922806978226,
    0.05001356080174446,
    0.01210717111825943,
    0.007979917339980602,
    0.010572567582130432
  ]
}