{
  "~": [
    0.08799996972084045,
    0.19643331319093704,
    0.2914659380912781,
    0.0011688140220940113,
    0.0018243470694869757,
    0.0027364834677428007
  ],
  ".": [
    0.20902979373931885,
    0.4143992066383362,
    0.24841615557670593,
    5.6153672630898654e-05,
    0.0002753252920228988,
    7.334352267207578e-05
  ],
  "H": [
    0.6435546875,
    0.733898788690567,
    0.6609320938587189,
    0.15644843131303787,
    0.08797929435968399,
    0.1416878029704094
  ],
  "C": [
    0.33883434534072876,
    0.34579700231552124,
    0.24837085604667664,
    0.05150887370109558,
    0.03188268095254898,
    0.021942326799035072
  ],
  "portal_0": [
    0.38383573293685913,
    0.6149324178695679,
    0.7199512720108032,
    0.04619289189577103,
    0.05563262850046158,
    0.08184848725795746
  ],
  "portal_1": [
    0.30979397892951965,
    0.36065202951431274,
    0.7151913642883301,
    0.050285883247852325,
    0.04797240346670151,
    0.07953542470932007
  ],
  "portal_2": [
    0.48940742015838623,
    0.3250614404678345,
    0.7029901742935181,
    0.057896632701158524,
    0.04997856542468071,
    0.08305677771568298
  ],
  "_scale": [
    0.07370458915829659,
    0.1106531023979187,
    0.04659460298717022,
    0.011230881558731198,
    0.0072409044951200485,
    0.010090007679536939
  ]
}